respondent_id,age,gender,region,transcript_text
r1,34,Male,Tokyo,"I usually vote for progressive candidates because I value social welfare policies."
r2,45,Female,Osaka,"My purchasing decisions depend on environmental impact and corporate ethics."
r3,29,Non-binary,Nagoya,"I feel that government policies rarely address my concerns as a younger voter."
r4,52,Male,Hokkaido,"The agricultural subsidies are crucial for our local economy here in Hokkaido."
r5,23,Female,Fukuoka,"I'm very active on social media and get most of my news from there; it definitely shapes my views."
r6,68,Male,Kyoto,"Tradition is important, but we must also adapt to modern economic challenges."
r7,38,Female,Saitama,"As a working mother, childcare support and work-life balance are my biggest concerns."
r8,21,Male,Hiroshima,"I'm concerned about international relations and Japan's role in global peace."
r9,40,Non-binary,Sapporo,"Public transportation improvements would greatly benefit my daily commute and the environment."
r10,60,Female,Sendai,"Disaster preparedness and community resilience are issues I care deeply about, especially after 2011."
r11,28,Male,Chiba,"I'm focused on career growth and economic stability, so I look for candidates who support businesses."
r12,55,Male,Kanagawa,"Tax policies are a major factor in how I view political parties."
r13,31,Female,Hyogo,"I volunteer for local community projects and believe in grassroots activism."
r14,72,Female,Shizuoka,"Pension security and healthcare for the elderly are my primary worries."
r15,25,Non-binary,Okayama,"I'm passionate about LGBTQ+ rights and hope to see more inclusive legislation."
r16,48,Male,Gifu,"Small and medium-sized enterprises need more support from the government to thrive."
r17,33,Female,Niigata,"Renewable energy development is something I strongly support for a sustainable future."
r18,20,Male,Kumamoto,"I'm still figuring out my political views, but education reform is important to me."
r19,58,Female,Nara,"Preserving cultural heritage sites should be a top priority for the government."
r20,42,Male,Mie,"I'm a fiscal conservative; government spending needs to be more carefully managed."
r21,26,Female,Kagoshima,"I'm interested in policies that promote regional revitalization and attract young people to rural areas."
r22,39,Non-binary,Tochigi,"Mental health services need to be more accessible and destigmatized in Japan."
r23,65,Male,Yamaguchi,"National security and a strong defense are paramount in these uncertain times."
r24,22,Female,Oita,"I look for brands that are transparent about their supply chains and labor practices."
r25,49,Male,Fukushima,"The long-term effects of the nuclear disaster are still a major concern for our community."
r26,30,Female,Ishikawa,"I believe in supporting local businesses and artisans to maintain our unique culture."
r27,53,Non-binary,Gunma,"Workers' rights and fair wages are issues that I think need more attention."
r28,70,Male,Akita,"The depopulation of rural areas is a serious problem that needs urgent solutions."
r29,27,Female,Toyama,"I prioritize products that are made in Japan to support the national economy."
r30,46,Male,Wakayama,"Tourism is vital for our region, so policies supporting it are welcome."
r31,36,Male,Tokyo,"I'm an entrepreneur, so I'm always looking for policies that encourage innovation and startups."
r32,24,Female,Osaka,"Fast fashion is convenient, but I'm trying to make more sustainable clothing choices."
r33,50,Non-binary,Nagoya,"Accessibility for people with disabilities is an issue close to my heart."
r34,62,Male,Hokkaido,"Protecting our fisheries and marine resources is essential for our livelihood."
r35,29,Female,Fukuoka,"I often participate in online discussions about current events and political issues."
r36,75,Male,Kyoto,"I've seen many changes in my lifetime; I value stability and experience in leadership."
r37,41,Female,Saitama,"Education costs are a burden; I hope for more support for families with children."
r38,20,Non-binary,Hiroshima,"I want to see Japan take a stronger stance on global human rights issues."
r39,47,Male,Sapporo,"Affordable housing is becoming a bigger problem, even outside of major city centers."
r40,63,Female,Sendai,"Community bonds are very important, especially in times of crisis."
r41,32,Male,Chiba,"I prefer to invest in companies that have strong ESG (environmental, social, and governance) scores."
r42,57,Female,Kanagawa,"I think there should be more emphasis on preventative healthcare in our medical system."
r43,28,Non-binary,Hyogo,"Digital privacy is a growing concern for me in this increasingly connected world."
r44,78,Male,Shizuoka,"I rely on my pension, so any changes to that system make me very anxious."
r45,23,Female,Okayama,"I'm excited about technological advancements but also wary of their societal impact."
r46,51,Male,Gifu,"Local festivals and traditions are the lifeblood of our community; they need to be preserved."
r47,35,Female,Niigata,"I'm concerned about the impact of climate change on our agricultural seasons."
r48,19,Male,Kumamoto,"I'm not very interested in politics, to be honest; it feels disconnected from my daily life."
r49,61,Female,Nara,"I always vote, but I often feel like my single vote doesn't make much difference."
r50,44,Non-binary,Mie,"The balance between economic development and environmental protection is a constant challenge."
r51,27,Male,Kagoshima,"I moved back to my hometown to help with the family business; small towns need more support."
r52,40,Female,Tochigi,"I try to buy organic and locally sourced food whenever possible."
r53,67,Male,Yamaguchi,"I trust the established political parties to make the right decisions for the country."
r54,24,Non-binary,Oita,"Art and culture funding is important for a vibrant society."
r55,53,Male,Fukushima,"We need more transparency from the government regarding energy policies."
r56,31,Female,Ishikawa,"I'm active in a local volunteer fire brigade; community safety is a priority."
r57,56,Male,Gunma,"I believe in hard work and self-reliance, but the government should provide a safety net."
r58,73,Female,Akita,"The younger generation seems less interested in traditional crafts, which is a shame."
r59,29,Male,Toyama,"I'm saving up to buy a house, but the market is very competitive."
r60,48,Female,Wakayama,"Our coastal areas are beautiful, but we need to address the issue of plastic pollution."
r61,37,Non-binary,Tokyo,"I advocate for better urban planning to create more green spaces in the city."
r62,22,Male,Osaka,"I'm a student, and the job market after graduation is a big concern for me and my peers."
r63,54,Female,Nagoya,"I think Japan should be more open to immigration to address labor shortages."
r64,66,Male,Hokkaido,"Winters are harsh here; reliable infrastructure is extremely important."
r65,30,Female,Fukuoka,"I use ride-sharing apps frequently and believe they offer good alternatives to traditional taxis."
r66,71,Non-binary,Kyoto,"I've always been interested in philosophy and how it applies to modern societal problems."
r67,43,Male,Saitama,"Property taxes keep increasing, and it's becoming a financial strain."
r68,21,Female,Hiroshima,"Learning about our history is important to avoid repeating past mistakes."
r69,50,Male,Sapporo,"I enjoy outdoor activities, so preserving our national parks is important to me."
r70,64,Female,Sendai,"I'm part of a neighborhood association that works on local improvement projects."
r71,26,Non-binary,Chiba,"I often shop at second-hand stores to reduce waste and save money."
r72,59,Male,Kanagawa,"Retirement planning is on my mind; I want to ensure I have enough to live comfortably."
r73,33,Female,Hyogo,"I think there should be more public discussion about the future of nuclear energy in Japan."
r74,80,Male,Shizuoka,"I've voted in every election since I was eligible; it's a civic duty."
r75,24,Female,Okayama,"Social media influencers have a big impact on what products I consider buying."
r76,52,Non-binary,Gifu,"I believe in lifelong learning and take online courses to develop new skills."
r77,36,Male,Niigata,"The aging population is a demographic challenge that affects all aspects of policy."
r78,18,Female,Kumamoto,"I'll be voting for the first time in the next election; I'm trying to learn about the candidates."
r79,63,Male,Nara,"Maintaining good relations with neighboring countries is key to regional stability."
r80,45,Female,Mie,"I switched to an electric car to reduce my carbon footprint."
r81,29,Male,Kagoshima,"I'm concerned about the lack of job opportunities for young people in my region."
r82,41,Non-binary,Tochigi,"Food safety standards are very important to me when choosing what to buy."
r83,69,Male,Yamaguchi,"I think we need stronger leadership to navigate the complex global landscape."
r84,25,Female,Oita,"I often travel domestically and appreciate efficient and affordable public transport."
r85,55,Male,Fukushima,"Rebuilding trust after the disaster has been a long and difficult process for many."
r86,32,Female,Ishikawa,"I support policies that make it easier for women to return to work after childbirth."
r87,58,Non-binary,Gunma,"I'm worried about the increasing polarization of political discourse."
r88,76,Male,Akita,"The beauty of our natural landscape is something we must protect for future generations."
r89,28,Female,Toyama,"I'm very conscious about data privacy and how companies use my personal information."
r90,47,Male,Wakayama,"Promoting local tourism is essential for our economy, especially after the pandemic."
r91,39,Male,Tokyo,"Balancing my demanding job with family life is a constant struggle."
r92,26,Female,Osaka,"I'm very interested in minimalist lifestyles and conscious consumption."
r93,51,Non-binary,Nagoya,"We need more diverse representation in government and corporate leadership."
r94,67,Female,Hokkaido,"I'm an avid gardener, and climate change is affecting my plants."
r95,31,Male,Fukuoka,"Online gaming is my main hobby, and I follow e-sports closely."
r96,74,Male,Kyoto,"I believe the emperor system is an important symbol of our national unity."
r97,44,Female,Saitama,"The quality of local schools is a major factor for families like mine."
r98,23,Non-binary,Hiroshima,"I'm active in peace movements and attend rallies and demonstrations."
r99,46,Male,Sapporo,"I think the government should invest more in scientific research and development."
r100,62,Female,Sendai,"Volunteering at the local community center keeps me active and connected."
r101,35,Male,Chiba,"I'm a bit of a news junkie; I follow political developments very closely from multiple sources."
r102,57,Female,Kanagawa,"My biggest concern is the rising cost of living, especially for everyday necessities."
r103,27,Non-binary,Hyogo,"I'm learning about sustainable investing and want my money to support ethical companies."